timestamp [ms], dc [count], rotations [count], degree [°], dc diff [count], w[°/s], w [rad/s]
93, 0, 0, 0.000, 0, 0.000, 0.000
193, 0, 0, 0.000, 0, 0.000, 0.000
293, 0, 0, 0.000, 0, 0.000, 0.000
393, 0, 0, 0.000, 0, 0.000, 0.000
493, 0, 0, 0.000, 0, 0.000, 0.000
593, 0, 0, 0.000, 0, 0.000, 0.000
693, 0, 0, 0.000, 0, 0.000, 0.000
793, 0, 0, 0.000, 0, 0.000, 0.000
893, 0, 0, 0.000, 0, 0.000, 0.000
993, 0, 0, 0.000, 0, 0.000, 0.000
1093, 0, 0, 0.000, 0, 0.000, 0.000
1193, 0, 0, 0.000, 0, 0.000, 0.000
1293, 0, 0, 0.000, 0, 0.000, 0.000
1393, 0, 0, 0.000, 0, 0.000, 0.000
1493, 0, 0, 0.000, 0, 0.000, 0.000
1593, 0, 0, 0.000, 0, 0.000, 0.000
1693, 0, 0, 0.000, 0, 0.000, 0.000
1793, 0, 0, 0.000, 0, 0.000, 0.000
1893, 0, 0, 0.000, 0, 0.000, 0.000
1993, 0, 0, 0.000, 0, 0.000, 0.000
2093, 0, 0, 0.000, 0, 0.000, 0.000
2193, 0, 0, 0.000, 0, 0.000, 0.000
2293, 0, 0, 0.000, 0, 0.000, 0.000
2393, 0, 0, 0.000, 0, 0.000, 0.000
2493, 0, 0, 0.000, 0, 0.000, 0.000
2593, 0, 0, 0.000, 0, 0.000, 0.000
2693, 0, 0, 0.000, 0, 0.000, 0.000
2793, 0, 0, 0.000, 0, 0.000, 0.000
2893, 0, 0, 0.000, 0, 0.000, 0.000
2993, 0, 0, 0.000, 0, 0.000, 0.000
3093, 0, 0, 0.000, 0, 0.000, 0.000
3193, 0, 0, 0.000, 0, 0.000, 0.000
3293, 0, 0, 0.000, 0, 0.000, 0.000
3393, 0, 0, 0.000, 0, 0.000, 0.000
3493, 0, 0, 0.000, 0, 0.000, 0.000
3593, 0, 0, 0.000, 0, 0.000, 0.000
3693, 0, 0, 0.000, 0, 0.000, 0.000
3793, 0, 0, 0.000, 0, 0.000, 0.000
3893, 0, 0, 0.000, 0, 0.000, 0.000
3993, 0, 0, 0.000, 0, 0.000, 0.000
4093, 0, 0, 0.000, 0, 0.000, 0.000
4193, 0, 0, 0.000, 0, 0.000, 0.000
4293, 0, 0, 0.000, 0, 0.000, 0.000
4393, 0, 0, 0.000, 0, 0.000, 0.000
4493, 0, 0, 0.000, 0, 0.000, 0.000
4593, 0, 0, 0.000, 0, 0.000, 0.000
4693, 0, 0, 0.000, 0, 0.000, 0.000
4793, 0, 0, 0.000, 0, 0.000, 0.000
4893, 0, 0, 0.000, 0, 0.000, 0.000
4993, 0, 0, 0.000, 0, 0.000, 0.000
5093, 0, 0, 0.000, 0, 0.000, 0.000
5193, 1, 0, 5.625, 1, 562.500, 0.981
5293, 4, 0, 22.500, 3, 1687.500, 2.945
5393, 10, 0, 56.250, 6, 3375.000, 5.890
5493, 18, 0, 101.250, 8, 4500.000, 7.853
5593, 29, 0, 163.125, 11, 6187.500, 10.799
5693, 43, 0, 241.875, 14, 7875.000, 13.744
5793, 59, 0, 331.875, 16, 9000.000, 15.707
5893, 77, 1, 433.125, 18, 10125.000, 17.671
5993, 97, 1, 545.625, 20, 11250.000, 19.634
6093, 120, 1, 675.000, 23, 12937.500, 22.580
6193, 144, 2, 810.000, 24, 13500.000, 23.561
6293, 171, 2, 961.875, 27, 15187.500, 26.507
6393, 200, 3, 1125.000, 29, 16312.500, 28.470
6493, 230, 3, 1293.750, 30, 16875.000, 29.452
6593, 262, 4, 1473.750, 32, 18000.000, 31.415
6693, 296, 4, 1665.000, 34, 19125.000, 33.379
6793, 331, 5, 1861.875, 35, 19687.500, 34.361
6893, 368, 5, 2070.000, 37, 20812.500, 36.324
6993, 406, 6, 2283.750, 38, 21375.000, 37.306
7093, 446, 6, 2508.750, 40, 22500.000, 39.269
7193, 488, 7, 2745.000, 42, 23625.000, 41.233
7293, 531, 8, 2986.875, 43, 24187.500, 42.215
7393, 575, 8, 3234.375, 44, 24750.000, 43.196
7493, 620, 9, 3487.500, 45, 25312.500, 44.178
7593, 667, 10, 3751.875, 47, 26437.500, 46.142
7693, 715, 11, 4021.875, 48, 27000.000, 47.123
7793, 763, 11, 4291.875, 48, 27000.000, 47.123
7893, 813, 12, 4573.125, 50, 28125.000, 49.087
7993, 864, 13, 4860.000, 51, 28687.500, 50.069
8093, 916, 14, 5152.500, 52, 29250.000, 51.050
8193, 970, 15, 5456.250, 54, 30375.000, 53.014
8293, 1024, 16, 5760.000, 54, 30375.000, 53.014
8393, 1079, 16, 6069.375, 55, 30937.500, 53.996
8493, 1135, 17, 6384.375, 56, 31500.000, 54.977
8593, 1191, 18, 6699.375, 56, 31500.000, 54.977
8693, 1249, 19, 7025.625, 58, 32625.000, 56.941
8793, 1307, 20, 7351.875, 58, 32625.000, 56.941
8893, 1367, 21, 7689.375, 60, 33750.000, 58.904
8993, 1427, 22, 8026.875, 60, 33750.000, 58.904
9093, 1487, 23, 8364.375, 60, 33750.000, 58.904
9193, 1549, 24, 8713.125, 62, 34875.000, 60.868
9293, 1611, 25, 9061.875, 62, 34875.000, 60.868
9393, 1675, 26, 9421.875, 64, 36000.000, 62.831
9493, 1738, 27, 9776.250, 63, 35437.500, 61.850
9593, 1803, 28, 10141.875, 65, 36562.500, 63.813
9693, 1868, 29, 10507.500, 65, 36562.500, 63.813
9793, 1933, 30, 10873.125, 65, 36562.500, 63.813
9893, 1999, 31, 11244.375, 66, 37125.000, 64.795
9993, 2066, 32, 11621.250, 67, 37687.500, 65.777
10093, 2133, 33, 11998.125, 67, 37687.500, 65.777
10193, 2201, 34, 12380.625, 68, 38250.000, 66.758
10293, 2269, 35, 12763.125, 68, 38250.000, 66.758
10393, 2337, 36, 13145.625, 68, 38250.000, 66.758
10493, 2407, 37, 13539.375, 70, 39375.000, 68.722
10593, 2476, 38, 13927.500, 69, 38812.500, 67.740
10693, 2547, 39, 14326.875, 71, 39937.500, 69.704
10793, 2617, 40, 14720.625, 70, 39375.000, 68.722
10893, 2688, 42, 15120.000, 71, 39937.500, 69.704
10993, 2760, 43, 15525.000, 72, 40500.000, 70.685
11093, 2831, 44, 15924.375, 71, 39937.500, 69.704
11193, 2903, 45, 16329.375, 72, 40500.000, 70.685
11293, 2976, 46, 16740.000, 73, 41062.500, 71.667
11393, 3048, 47, 17145.000, 72, 40500.000, 70.685
11493, 3121, 48, 17555.625, 73, 41062.500, 71.667
11593, 3195, 49, 17971.875, 74, 41625.000, 72.649
11693, 3268, 51, 18382.500, 73, 41062.500, 71.667
11793, 3342, 52, 18798.750, 74, 41625.000, 72.649
11893, 3416, 53, 19215.000, 74, 41625.000, 72.649
11993, 3491, 54, 19636.875, 75, 42187.500, 73.631
12093, 3565, 55, 20053.125, 74, 41625.000, 72.649
12193, 3641, 56, 20480.625, 76, 42750.000, 74.612
12293, 3716, 58, 20902.500, 75, 42187.500, 73.631
12393, 3792, 59, 21330.000, 76, 42750.000, 74.612
12493, 3867, 60, 21751.875, 75, 42187.500, 73.631
12593, 3943, 61, 22179.375, 76, 42750.000, 74.612
12693, 4019, 62, 22606.875, 76, 42750.000, 74.612
12793, 4096, 64, 23040.000, 77, 43312.500, 75.594
12893, 4172, 65, 23467.500, 76, 42750.000, 74.612
12993, 4249, 66, 23900.625, 77, 43312.500, 75.594
13093, 4326, 67, 24333.750, 77, 43312.500, 75.594
13193, 4403, 68, 24766.875, 77, 43312.500, 75.594
13293, 4480, 70, 25200.000, 77, 43312.500, 75.594
13393, 4558, 71, 25638.750, 78, 43875.000, 76.576
13493, 4635, 72, 26071.875, 77, 43312.500, 75.594
13593, 4712, 73, 26505.000, 77, 43312.500, 75.594
13693, 4790, 74, 26943.750, 78, 43875.000, 76.576
13793, 4868, 76, 27382.500, 78, 43875.000, 76.576
13893, 4946, 77, 27821.250, 78, 43875.000, 76.576
13993, 5024, 78, 28260.000, 78, 43875.000, 76.576
14093, 5102, 79, 28698.750, 78, 43875.000, 76.576
14193, 5181, 80, 29143.125, 79, 44437.500, 77.558
14293, 5259, 82, 29581.875, 78, 43875.000, 76.576
14393, 5338, 83, 30026.250, 79, 44437.500, 77.558
14493, 5416, 84, 30465.000, 78, 43875.000, 76.576
14593, 5495, 85, 30909.375, 79, 44437.500, 77.558
14693, 5574, 87, 31353.750, 79, 44437.500, 77.558
14793, 5653, 88, 31798.125, 79, 44437.500, 77.558
14893, 5733, 89, 32248.125, 80, 45000.000, 78.539
14993, 5812, 90, 32692.500, 79, 44437.500, 77.558
15093, 5892, 92, 33142.500, 80, 45000.000, 78.539
15193, 5971, 93, 33586.875, 79, 44437.500, 77.558
15293, 6051, 94, 34036.875, 80, 45000.000, 78.539
15393, 6131, 95, 34486.875, 80, 45000.000, 78.539
15493, 6211, 97, 34936.875, 80, 45000.000, 78.539
15593, 6291, 98, 35386.875, 80, 45000.000, 78.539
15693, 6371, 99, 35836.875, 80, 45000.000, 78.539
15793, 6451, 100, 36286.875, 80, 45000.000, 78.539
15893, 6531, 102, 36736.875, 80, 45000.000, 78.539
15993, 6611, 103, 37186.875, 80, 45000.000, 78.539
16093, 6691, 104, 37636.875, 80, 45000.000, 78.539
16193, 6772, 105, 38092.500, 81, 45562.500, 79.521
16293, 6852, 107, 38542.500, 80, 45000.000, 78.539
16393, 6933, 108, 38998.125, 81, 45562.500, 79.521
16493, 7014, 109, 39453.750, 81, 45562.500, 79.521
16593, 7095, 110, 39909.375, 81, 45562.500, 79.521
16693, 7175, 112, 40359.375, 80, 45000.000, 78.539
16793, 7256, 113, 40815.000, 81, 45562.500, 79.521
16893, 7337, 114, 41270.625, 81, 45562.500, 79.521
16993, 7419, 115, 41731.875, 82, 46125.000, 80.503
17093, 7500, 117, 42187.500, 81, 45562.500, 79.521
17193, 7581, 118, 42643.125, 81, 45562.500, 79.521
17293, 7662, 119, 43098.750, 81, 45562.500, 79.521
17393, 7744, 121, 43560.000, 82, 46125.000, 80.503
17493, 7825, 122, 44015.625, 81, 45562.500, 79.521
17593, 7906, 123, 44471.250, 81, 45562.500, 79.521
17693, 7988, 124, 44932.500, 82, 46125.000, 80.503
17793, 8069, 126, 45388.125, 81, 45562.500, 79.521
17893, 8151, 127, 45849.375, 82, 46125.000, 80.503
17993, 8232, 128, 46305.000, 81, 45562.500, 79.521
18093, 8314, 129, 46766.250, 82, 46125.000, 80.503
18193, 8396, 131, 47227.500, 82, 46125.000, 80.503
18293, 8477, 132, 47683.125, 81, 45562.500, 79.521
18393, 8559, 133, 48144.375, 82, 46125.000, 80.503
18493, 8641, 135, 48605.625, 82, 46125.000, 80.503
18593, 8723, 136, 49066.875, 82, 46125.000, 80.503
18693, 8805, 137, 49528.125, 82, 46125.000, 80.503
18793, 8887, 138, 49989.375, 82, 46125.000, 80.503
18893, 8969, 140, 50450.625, 82, 46125.000, 80.503
18993, 9051, 141, 50911.875, 82, 46125.000, 80.503
19093, 9133, 142, 51373.125, 82, 46125.000, 80.503
19193, 9216, 144, 51840.000, 83, 46687.500, 81.485
19293, 9298, 145, 52301.250, 82, 46125.000, 80.503
19393, 9380, 146, 52762.500, 82, 46125.000, 80.503
19493, 9462, 147, 53223.750, 82, 46125.000, 80.503
19593, 9544, 149, 53685.000, 82, 46125.000, 80.503
19693, 9627, 150, 54151.875, 83, 46687.500, 81.485
19793, 9709, 151, 54613.125, 82, 46125.000, 80.503
19893, 9792, 153, 55080.000, 83, 46687.500, 81.485
19993, 9874, 154, 55541.250, 82, 46125.000, 80.503
20093, 9956, 155, 56002.500, 82, 46125.000, 80.503
20193, 10039, 156, 56469.375, 83, 46687.500, 81.485
20293, 10122, 158, 56936.250, 83, 46687.500, 81.485
20393, 10205, 159, 57403.125, 83, 46687.500, 81.485
20493, 10288, 160, 57870.000, 83, 46687.500, 81.485
20593, 10371, 162, 58336.875, 83, 46687.500, 81.485
20693, 10453, 163, 58798.125, 82, 46125.000, 80.503
20793, 10536, 164, 59265.000, 83, 46687.500, 81.485
20893, 10619, 165, 59731.875, 83, 46687.500, 81.485
20993, 10702, 167, 60198.750, 83, 46687.500, 81.485
21093, 10785, 168, 60665.625, 83, 46687.500, 81.485
21193, 10868, 169, 61132.500, 83, 46687.500, 81.485
21293, 10951, 171, 61599.375, 83, 46687.500, 81.485
21393, 11034, 172, 62066.250, 83, 46687.500, 81.485
21493, 11117, 173, 62533.125, 83, 46687.500, 81.485
21593, 11201, 175, 63005.625, 84, 47250.000, 82.466
21693, 11284, 176, 63472.500, 83, 46687.500, 81.485
21793, 11367, 177, 63939.375, 83, 46687.500, 81.485
21893, 11451, 178, 64411.875, 84, 47250.000, 82.466
21993, 11534, 180, 64878.750, 83, 46687.500, 81.485
22093, 11617, 181, 65345.625, 83, 46687.500, 81.485
22193, 11701, 182, 65818.125, 84, 47250.000, 82.466
22293, 11785, 184, 66290.625, 84, 47250.000, 82.466
22393, 11868, 185, 66757.500, 83, 46687.500, 81.485
22493, 11952, 186, 67230.000, 84, 47250.000, 82.466
22593, 12036, 188, 67702.500, 84, 47250.000, 82.466
22693, 12119, 189, 68169.375, 83, 46687.500, 81.485
22793, 12203, 190, 68641.875, 84, 47250.000, 82.466
22893, 12286, 191, 69108.750, 83, 46687.500, 81.485
22993, 12370, 193, 69581.250, 84, 47250.000, 82.466
23093, 12454, 194, 70053.750, 84, 47250.000, 82.466
23193, 12537, 195, 70520.625, 83, 46687.500, 81.485
23293, 12621, 197, 70993.125, 84, 47250.000, 82.466
23393, 12705, 198, 71465.625, 84, 47250.000, 82.466
23493, 12789, 199, 71938.125, 84, 47250.000, 82.466
23593, 12873, 201, 72410.625, 84, 47250.000, 82.466
23693, 12957, 202, 72883.125, 84, 47250.000, 82.466
23793, 13042, 203, 73361.250, 85, 47812.500, 83.448
23893, 13126, 205, 73833.750, 84, 47250.000, 82.466
23993, 13210, 206, 74306.250, 84, 47250.000, 82.466
24093, 13295, 207, 74784.375, 85, 47812.500, 83.448
24193, 13379, 209, 75256.875, 84, 47250.000, 82.466
24293, 13463, 210, 75729.375, 84, 47250.000, 82.466
24393, 13547, 211, 76201.875, 84, 47250.000, 82.466
24493, 13631, 212, 76674.375, 84, 47250.000, 82.466
24593, 13715, 214, 77146.875, 84, 47250.000, 82.466
24693, 13800, 215, 77625.000, 85, 47812.500, 83.448
24793, 13884, 216, 78097.500, 84, 47250.000, 82.466
24893, 13968, 218, 78570.000, 84, 47250.000, 82.466
24993, 14053, 219, 79048.125, 85, 47812.500, 83.448
25093, 14137, 220, 79520.625, 84, 47250.000, 82.466
25193, 14220, 222, 79987.500, 83, 46687.500, 81.485
25293, 14298, 223, 80426.250, 78, 43875.000, 76.576
25393, 14371, 224, 80836.875, 73, 41062.500, 71.667
25493, 14441, 225, 81230.625, 70, 39375.000, 68.722
25593, 14507, 226, 81601.875, 66, 37125.000, 64.795
25693, 14569, 227, 81950.625, 62, 34875.000, 60.868
25793, 14627, 228, 82276.875, 58, 32625.000, 56.941
25893, 14682, 229, 82586.250, 55, 30937.500, 53.996
25993, 14733, 230, 82873.125, 51, 28687.500, 50.069
26093, 14782, 230, 83148.750, 49, 27562.500, 48.105
26193, 14827, 231, 83401.875, 45, 25312.500, 44.178
26293, 14869, 232, 83638.125, 42, 23625.000, 41.233
26393, 14908, 232, 83857.500, 39, 21937.500, 38.288
26493, 14945, 233, 84065.625, 37, 20812.500, 36.324
26593, 14979, 234, 84256.875, 34, 19125.000, 33.379
26693, 15010, 234, 84431.250, 31, 17437.500, 30.434
26793, 15039, 234, 84594.375, 29, 16312.500, 28.470
26893, 15065, 235, 84740.625, 26, 14625.000, 25.525
26993, 15089, 235, 84875.625, 24, 13500.000, 23.561
27093, 15111, 236, 84999.375, 22, 12375.000, 21.598
27193, 15131, 236, 85111.875, 20, 11250.000, 19.634
27293, 15149, 236, 85213.125, 18, 10125.000, 17.671
27393, 15165, 236, 85303.125, 16, 9000.000, 15.707
27493, 15179, 237, 85381.875, 14, 7875.000, 13.744
27593, 15191, 237, 85449.375, 12, 6750.000, 11.780
27693, 15201, 237, 85505.625, 10, 5625.000, 9.817
27793, 15209, 237, 85550.625, 8, 4500.000, 7.853
27893, 15216, 237, 85590.000, 7, 3937.500, 6.872
27993, 15221, 237, 85618.125, 5, 2812.500, 4.908
28093, 15225, 237, 85640.625, 4, 2250.000, 3.926
28193, 15227, 237, 85651.875, 2, 1125.000, 1.963
28293, 15228, 237, 85657.500, 1, 562.500, 0.981
28393, 15228, 237, 85657.500, 0, 0.000, 0.000
28493, 15228, 237, 85657.500, 0, 0.000, 0.000
28593, 15228, 237, 85657.500, 0, 0.000, 0.000
28693, 15228, 237, 85657.500, 0, 0.000, 0.000
28793, 15228, 237, 85657.500, 0, 0.000, 0.000
28893, 15228, 237, 85657.500, 0, 0.000, 0.000
28993, 15228, 237, 85657.500, 0, 0.000, 0.000
29093, 15228, 237, 85657.500, 0, 0.000, 0.000
29193, 15228, 237, 85657.500, 0, 0.000, 0.000
29293, 15228, 237, 85657.500, 0, 0.000, 0.000
29393, 15228, 237, 85657.500, 0, 0.000, 0.000
29493, 15228, 237, 85657.500, 0, 0.000, 0.000
29593, 15228, 237, 85657.500, 0, 0.000, 0.000
29693, 15228, 237, 85657.500, 0, 0.000, 0.000
29793, 15228, 237, 85657.500, 0, 0.000, 0.000
29893, 15228, 237, 85657.500, 0, 0.000, 0.000
29993, 15228, 237, 85657.500, 0, 0.000, 0.000
30093, 15228, 237, 85657.500, 0, 0.000, 0.000
30193, 15227, 237, 85651.875, -1, -562.500, -0.981
30293, 15224, 237, 85635.000, -3, -1687.500, -2.945
30393, 15219, 237, 85606.875, -5, -2812.500, -4.908
30493, 15211, 237, 85561.875, -8, -4500.000, -7.853
30593, 15200, 237, 85500.000, -11, -6187.500, -10.799
30693, 15188, 237, 85432.500, -12, -6750.000, -11.780
30793, 15173, 237, 85348.125, -15, -8437.500, -14.726
30893, 15155, 236, 85246.875, -18, -10125.000, -17.671
30993, 15136, 236, 85140.000, -19, -10687.500, -18.653
31093, 15114, 236, 85016.250, -22, -12375.000, -21.598
31193, 15091, 235, 84886.875, -23, -12937.500, -22.580
31293, 15065, 235, 84740.625, -26, -14625.000, -25.525
31393, 15037, 234, 84583.125, -28, -15750.000, -27.488
31493, 15008, 234, 84420.000, -29, -16312.500, -28.470
31593, 14977, 234, 84245.625, -31, -17437.500, -30.434
31693, 14944, 233, 84060.000, -33, -18562.500, -32.397
31793, 14909, 232, 83863.125, -35, -19687.500, -34.361
31893, 14873, 232, 83660.625, -36, -20250.000, -35.342
31993, 14835, 231, 83446.875, -38, -21375.000, -37.306
32093, 14796, 231, 83227.500, -39, -21937.500, -38.288
32193, 14755, 230, 82996.875, -41, -23062.500, -40.251
32293, 14712, 229, 82755.000, -43, -24187.500, -42.215
32393, 14669, 229, 82513.125, -43, -24187.500, -42.215
32493, 14624, 228, 82260.000, -45, -25312.500, -44.178
32593, 14578, 227, 82001.250, -46, -25875.000, -45.160
32693, 14531, 227, 81736.875, -47, -26437.500, -46.142
32793, 14482, 226, 81461.250, -49, -27562.500, -48.105
32893, 14432, 225, 81180.000, -50, -28125.000, -49.087
32993, 14381, 224, 80893.125, -51, -28687.500, -50.069
33093, 14329, 223, 80600.625, -52, -29250.000, -51.050
33193, 14276, 223, 80302.500, -53, -29812.500, -52.032
33293, 14223, 222, 80004.375, -53, -29812.500, -52.032
33393, 14167, 221, 79689.375, -56, -31500.000, -54.977
33493, 14111, 220, 79374.375, -56, -31500.000, -54.977
33593, 14055, 219, 79059.375, -56, -31500.000, -54.977
33693, 13997, 218, 78733.125, -58, -32625.000, -56.941
33793, 13938, 217, 78401.250, -59, -33187.500, -57.923
33893, 13879, 216, 78069.375, -59, -33187.500, -57.923
33993, 13819, 215, 77731.875, -60, -33750.000, -58.904
34093, 13758, 214, 77388.750, -61, -34312.500, -59.886
34193, 13696, 214, 77040.000, -62, -34875.000, -60.868
34293, 13634, 213, 76691.250, -62, -34875.000, -60.868
34393, 13571, 212, 76336.875, -63, -35437.500, -61.850
34493, 13507, 211, 75976.875, -64, -36000.000, -62.831
34593, 13442, 210, 75611.250, -65, -36562.500, -63.813
34693, 13377, 209, 75245.625, -65, -36562.500, -63.813
34793, 13311, 207, 74874.375, -66, -37125.000, -64.795
34893, 13244, 206, 74497.500, -67, -37687.500, -65.777
34993, 13177, 205, 74120.625, -67, -37687.500, -65.777
35093, 13109, 204, 73738.125, -68, -38250.000, -66.758
35193, 13041, 203, 73355.625, -68, -38250.000, -66.758
35293, 12972, 202, 72967.500, -69, -38812.500, -67.740
35393, 12902, 201, 72573.750, -70, -39375.000, -68.722
35493, 12832, 200, 72180.000, -70, -39375.000, -68.722
35593, 12762, 199, 71786.250, -70, -39375.000, -68.722
35693, 12691, 198, 71386.875, -71, -39937.500, -69.704
35793, 12619, 197, 70981.875, -72, -40500.000, -70.685
35893, 12548, 196, 70582.500, -71, -39937.500, -69.704
35993, 12475, 194, 70171.875, -73, -41062.500, -71.667
36093, 12402, 193, 69761.250, -73, -41062.500, -71.667
36193, 12328, 192, 69345.000, -74, -41625.000, -72.649
36293, 12255, 191, 68934.375, -73, -41062.500, -71.667
36393, 12181, 190, 68518.125, -74, -41625.000, -72.649
36493, 12107, 189, 68101.875, -74, -41625.000, -72.649
36593, 12032, 188, 67680.000, -75, -42187.500, -73.631
36693, 11957, 186, 67258.125, -75, -42187.500, -73.631
36793, 11881, 185, 66830.625, -76, -42750.000, -74.612
36893, 11806, 184, 66408.750, -75, -42187.500, -73.631
36993, 11730, 183, 65981.250, -76, -42750.000, -74.612
37093, 11654, 182, 65553.750, -76, -42750.000, -74.612
37193, 11577, 180, 65120.625, -77, -43312.500, -75.594
37293, 11500, 179, 64687.500, -77, -43312.500, -75.594
37393, 11423, 178, 64254.375, -77, -43312.500, -75.594
37493, 11346, 177, 63821.250, -77, -43312.500, -75.594
37593, 11268, 176, 63382.500, -78, -43875.000, -76.576
37693, 11190, 174, 62943.750, -78, -43875.000, -76.576
37793, 11112, 173, 62505.000, -78, -43875.000, -76.576
37893, 11033, 172, 62060.625, -79, -44437.500, -77.558
37993, 10954, 171, 61616.250, -79, -44437.500, -77.558
38093, 10875, 169, 61171.875, -79, -44437.500, -77.558
38193, 10796, 168, 60727.500, -79, -44437.500, -77.558
38293, 10716, 167, 60277.500, -80, -45000.000, -78.539
38393, 10636, 166, 59827.500, -80, -45000.000, -78.539
38493, 10556, 164, 59377.500, -80, -45000.000, -78.539
38593, 10476, 163, 58927.500, -80, -45000.000, -78.539
38693, 10395, 162, 58471.875, -81, -45562.500, -79.521
38793, 10315, 161, 58021.875, -80, -45000.000, -78.539
38893, 10234, 159, 57566.250, -81, -45562.500, -79.521
38993, 10153, 158, 57110.625, -81, -45562.500, -79.521
39093, 10072, 157, 56655.000, -81, -45562.500, -79.521
39193, 9991, 156, 56199.375, -81, -45562.500, -79.521
39293, 9909, 154, 55738.125, -82, -46125.000, -80.503
39393, 9827, 153, 55276.875, -82, -46125.000, -80.503
39493, 9745, 152, 54815.625, -82, -46125.000, -80.503
39593, 9664, 151, 54360.000, -81, -45562.500, -79.521
39693, 9581, 149, 53893.125, -83, -46687.500, -81.485
39793, 9499, 148, 53431.875, -82, -46125.000, -80.503
39893, 9417, 147, 52970.625, -82, -46125.000, -80.503
39993, 9334, 145, 52503.750, -83, -46687.500, -81.485
40093, 9251, 144, 52036.875, -83, -46687.500, -81.485
40193, 9168, 143, 51570.000, -83, -46687.500, -81.485
40293, 9086, 141, 51108.750, -82, -46125.000, -80.503
40393, 9003, 140, 50641.875, -83, -46687.500, -81.485
40493, 8919, 139, 50169.375, -84, -47250.000, -82.466
40593, 8836, 138, 49702.500, -83, -46687.500, -81.485
40693, 8753, 136, 49235.625, -83, -46687.500, -81.485
40793, 8669, 135, 48763.125, -84, -47250.000, -82.466
40893, 8585, 134, 48290.625, -84, -47250.000, -82.466
40993, 8501, 132, 47818.125, -84, -47250.000, -82.466
41093, 8417, 131, 47345.625, -84, -47250.000, -82.466
41193, 8333, 130, 46873.125, -84, -47250.000, -82.466
41293, 8249, 128, 46400.625, -84, -47250.000, -82.466
41393, 8164, 127, 45922.500, -85, -47812.500, -83.448
41493, 8080, 126, 45450.000, -84, -47250.000, -82.466
41593, 7996, 124, 44977.500, -84, -47250.000, -82.466
41693, 7911, 123, 44499.375, -85, -47812.500, -83.448
41793, 7826, 122, 44021.250, -85, -47812.500, -83.448
41893, 7741, 120, 43543.125, -85, -47812.500, -83.448
41993, 7656, 119, 43065.000, -85, -47812.500, -83.448
42093, 7572, 118, 42592.500, -84, -47250.000, -82.466
42193, 7487, 116, 42114.375, -85, -47812.500, -83.448
42293, 7401, 115, 41630.625, -86, -48375.000, -84.430
42393, 7316, 114, 41152.500, -85, -47812.500, -83.448
42493, 7231, 112, 40674.375, -85, -47812.500, -83.448
42593, 7145, 111, 40190.625, -86, -48375.000, -84.430
42693, 7060, 110, 39712.500, -85, -47812.500, -83.448
42793, 6976, 109, 39240.000, -84, -47250.000, -82.466
42893, 6891, 107, 38761.875, -85, -47812.500, -83.448
42993, 6805, 106, 38278.125, -86, -48375.000, -84.430
43093, 6720, 105, 37800.000, -85, -47812.500, -83.448
43193, 6635, 103, 37321.875, -85, -47812.500, -83.448
43293, 6549, 102, 36838.125, -86, -48375.000, -84.430
43393, 6464, 101, 36360.000, -85, -47812.500, -83.448
43493, 6379, 99, 35881.875, -85, -47812.500, -83.448
43593, 6293, 98, 35398.125, -86, -48375.000, -84.430
43693, 6208, 97, 34920.000, -85, -47812.500, -83.448
43793, 6122, 95, 34436.250, -86, -48375.000, -84.430
43893, 6036, 94, 33952.500, -86, -48375.000, -84.430
43993, 5951, 92, 33474.375, -85, -47812.500, -83.448
44093, 5864, 91, 32985.000, -87, -48937.500, -85.412
44193, 5779, 90, 32506.875, -85, -47812.500, -83.448
44293, 5693, 88, 32023.125, -86, -48375.000, -84.430
44393, 5607, 87, 31539.375, -86, -48375.000, -84.430
44493, 5521, 86, 31055.625, -86, -48375.000, -84.430
44593, 5435, 84, 30571.875, -86, -48375.000, -84.430
44693, 5348, 83, 30082.500, -87, -48937.500, -85.412
44793, 5262, 82, 29598.750, -86, -48375.000, -84.430
44893, 5176, 80, 29115.000, -86, -48375.000, -84.430
44993, 5089, 79, 28625.625, -87, -48937.500, -85.412
45093, 5003, 78, 28141.875, -86, -48375.000, -84.430
45193, 4916, 76, 27652.500, -87, -48937.500, -85.412
45293, 4830, 75, 27168.750, -86, -48375.000, -84.430
45393, 4743, 74, 26679.375, -87, -48937.500, -85.412
45493, 4656, 72, 26190.000, -87, -48937.500, -85.412
45593, 4569, 71, 25700.625, -87, -48937.500, -85.412
45693, 4483, 70, 25216.875, -86, -48375.000, -84.430
45793, 4396, 68, 24727.500, -87, -48937.500, -85.412
45893, 4309, 67, 24238.125, -87, -48937.500, -85.412
45993, 4222, 65, 23748.750, -87, -48937.500, -85.412
46093, 4136, 64, 23265.000, -86, -48375.000, -84.430
46193, 4049, 63, 22775.625, -87, -48937.500, -85.412
46293, 3962, 61, 22286.250, -87, -48937.500, -85.412
46393, 3876, 60, 21802.500, -86, -48375.000, -84.430
46493, 3789, 59, 21313.125, -87, -48937.500, -85.412
46593, 3703, 57, 20829.375, -86, -48375.000, -84.430
46693, 3616, 56, 20340.000, -87, -48937.500, -85.412
46793, 3529, 55, 19850.625, -87, -48937.500, -85.412
46893, 3443, 53, 19366.875, -86, -48375.000, -84.430
46993, 3356, 52, 18877.500, -87, -48937.500, -85.412
47093, 3269, 51, 18388.125, -87, -48937.500, -85.412
47193, 3182, 49, 17898.750, -87, -48937.500, -85.412
47293, 3095, 48, 17409.375, -87, -48937.500, -85.412
47393, 3008, 47, 16920.000, -87, -48937.500, -85.412
47493, 2921, 45, 16430.625, -87, -48937.500, -85.412
47593, 2834, 44, 15941.250, -87, -48937.500, -85.412
47693, 2747, 42, 15451.875, -87, -48937.500, -85.412
47793, 2660, 41, 14962.500, -87, -48937.500, -85.412
47893, 2573, 40, 14473.125, -87, -48937.500, -85.412
47993, 2486, 38, 13983.750, -87, -48937.500, -85.412
48093, 2399, 37, 13494.375, -87, -48937.500, -85.412
48193, 2312, 36, 13005.000, -87, -48937.500, -85.412
48293, 2224, 34, 12510.000, -88, -49500.000, -86.393
48393, 2137, 33, 12020.625, -87, -48937.500, -85.412
48493, 2050, 32, 11531.250, -87, -48937.500, -85.412
48593, 1963, 30, 11041.875, -87, -48937.500, -85.412
48693, 1875, 29, 10546.875, -88, -49500.000, -86.393
48793, 1788, 27, 10057.500, -87, -48937.500, -85.412
48893, 1700, 26, 9562.500, -88, -49500.000, -86.393
48993, 1613, 25, 9073.125, -87, -48937.500, -85.412
49093, 1525, 23, 8578.125, -88, -49500.000, -86.393
49193, 1438, 22, 8088.750, -87, -48937.500, -85.412
49293, 1351, 21, 7599.375, -87, -48937.500, -85.412
49393, 1263, 19, 7104.375, -88, -49500.000, -86.393
49493, 1175, 18, 6609.375, -88, -49500.000, -86.393
49593, 1088, 17, 6120.000, -87, -48937.500, -85.412
49693, 1000, 15, 5625.000, -88, -49500.000, -86.393
49793, 912, 14, 5130.000, -88, -49500.000, -86.393
49893, 824, 12, 4635.000, -88, -49500.000, -86.393
49993, 737, 11, 4145.625, -87, -48937.500, -85.412
50093, 649, 10, 3650.625, -88, -49500.000, -86.393
50193, 564, 8, 3172.500, -85, -47812.500, -83.448
50293, 483, 7, 2716.875, -81, -45562.500, -79.521
50393, 407, 6, 2289.375, -76, -42750.000, -74.612
50493, 335, 5, 1884.375, -72, -40500.000, -70.685
50593, 267, 4, 1501.875, -68, -38250.000, -66.758
50693, 203, 3, 1141.875, -64, -36000.000, -62.831
50793, 143, 2, 804.375, -60, -33750.000, -58.904
50893, 87, 1, 489.375, -56, -31500.000, -54.977
50993, 34, 0, 191.250, -53, -29812.500, -52.032
51093, -16, 0, -90.000, -50, -28125.000, -49.087
51193, -62, 0, -348.750, -46, -25875.000, -45.160
51293, -105, -1, -590.625, -43, -24187.500, -42.215
51393, -146, -2, -821.250, -41, -23062.500, -40.251
51493, -183, -2, -1029.375, -37, -20812.500, -36.324
51593, -218, -3, -1226.250, -35, -19687.500, -34.361
51693, -250, -3, -1406.250, -32, -18000.000, -31.415
51793, -280, -4, -1575.000, -30, -16875.000, -29.452
51893, -307, -4, -1726.875, -27, -15187.500, -26.507
51993, -332, -5, -1867.500, -25, -14062.500, -24.543
52093, -354, -5, -1991.250, -22, -12375.000, -21.598
52193, -375, -5, -2109.375, -21, -11812.500, -20.616
52293, -393, -6, -2210.625, -18, -10125.000, -17.671
52393, -409, -6, -2300.625, -16, -9000.000, -15.707
52493, -424, -6, -2385.000, -15, -8437.500, -14.726
52593, -436, -6, -2452.500, -12, -6750.000, -11.780
52693, -447, -6, -2514.375, -11, -6187.500, -10.799
52793, -456, -7, -2565.000, -9, -5062.500, -8.835
52893, -463, -7, -2604.375, -7, -3937.500, -6.872
52993, -468, -7, -2632.500, -5, -2812.500, -4.908
53093, -472, -7, -2655.000, -4, -2250.000, -3.926
53193, -474, -7, -2666.250, -2, -1125.000, -1.963
53293, -475, -7, -2671.875, -1, -562.500, -0.981
53393, -475, -7, -2671.875, 0, 0.000, 0.000
53493, -475, -7, -2671.875, 0, 0.000, 0.000
53593, -475, -7, -2671.875, 0, 0.000, 0.000
53693, -475, -7, -2671.875, 0, 0.000, 0.000
53793, -475, -7, -2671.875, 0, 0.000, 0.000
53893, -475, -7, -2671.875, 0, 0.000, 0.000
53993, -475, -7, -2671.875, 0, 0.000, 0.000
54093, -475, -7, -2671.875, 0, 0.000, 0.000
54193, -475, -7, -2671.875, 0, 0.000, 0.000
54293, -475, -7, -2671.875, 0, 0.000, 0.000
54393, -475, -7, -2671.875, 0, 0.000, 0.000
54493, -475, -7, -2671.875, 0, 0.000, 0.000
54593, -475, -7, -2671.875, 0, 0.000, 0.000
54693, -475, -7, -2671.875, 0, 0.000, 0.000
54793, -475, -7, -2671.875, 0, 0.000, 0.000
54893, -475, -7, -2671.875, 0, 0.000, 0.000
54993, -475, -7, -2671.875, 0, 0.000, 0.000
55093, -475, -7, -2671.875, 0, 0.000, 0.000
55193, -474, -7, -2666.250, 1, 562.500, 0.981
55293, -470, -7, -2643.750, 4, 2250.000, 3.926
55393, -464, -7, -2610.000, 6, 3375.000, 5.890
55493, -456, -7, -2565.000, 8, 4500.000, 7.853
55593, -445, -6, -2503.125, 11, 6187.500, 10.799
55693, -431, -6, -2424.375, 14, 7875.000, 13.744
55793, -416, -6, -2340.000, 15, 8437.500, 14.726
55893, -398, -6, -2238.750, 18, 10125.000, 17.671
55993, -378, -5, -2126.250, 20, 11250.000, 19.634
56093, -356, -5, -2002.500, 22, 12375.000, 21.598
56193, -332, -5, -1867.500, 24, 13500.000, 23.561
56293, -306, -4, -1721.250, 26, 14625.000, 25.525
56393, -279, -4, -1569.375, 27, 15187.500, 26.507
56493, -249, -3, -1400.625, 30, 16875.000, 29.452
56593, -218, -3, -1226.250, 31, 17437.500, 30.434
56693, -185, -2, -1040.625, 33, 18562.500, 32.397
56793, -151, -2, -849.375, 34, 19125.000, 33.379
56893, -115, -1, -646.875, 36, 20250.000, 35.342
56993, -78, -1, -438.750, 37, 20812.500, 36.324
57093, -39, 0, -219.375, 39, 21937.500, 38.288
57193, 1, 0, 5.625, 40, 22500.000, 39.269
57293, 42, 0, 236.250, 41, 23062.500, 40.251
57393, 85, 1, 478.125, 43, 24187.500, 42.215
57493, 128, 2, 720.000, 43, 24187.500, 42.215
57593, 173, 2, 973.125, 45, 25312.500, 44.178
57693, 219, 3, 1231.875, 46, 25875.000, 45.160
57793, 266, 4, 1496.250, 47, 26437.500, 46.142
57893, 314, 4, 1766.250, 48, 27000.000, 47.123
57993, 363, 5, 2041.875, 49, 27562.500, 48.105
58093, 412, 6, 2317.500, 49, 27562.500, 48.105
58193, 463, 7, 2604.375, 51, 28687.500, 50.069
58293, 515, 8, 2896.875, 52, 29250.000, 51.050
58393, 567, 8, 3189.375, 52, 29250.000, 51.050
58493, 621, 9, 3493.125, 54, 30375.000, 53.014
58593, 675, 10, 3796.875, 54, 30375.000, 53.014
58693, 730, 11, 4106.250, 55, 30937.500, 53.996
58793, 787, 12, 4426.875, 57, 32062.500, 55.959
58893, 843, 13, 4741.875, 56, 31500.000, 54.977
58993, 901, 14, 5068.125, 58, 32625.000, 56.941
59093, 959, 14, 5394.375, 58, 32625.000, 56.941
59193, 1019, 15, 5731.875, 60, 33750.000, 58.904
59293, 1079, 16, 6069.375, 60, 33750.000, 58.904
59393, 1139, 17, 6406.875, 60, 33750.000, 58.904
59493, 1200, 18, 6750.000, 61, 34312.500, 59.886
59593, 1263, 19, 7104.375, 63, 35437.500, 61.850
59693, 1325, 20, 7453.125, 62, 34875.000, 60.868
59793, 1388, 21, 7807.500, 63, 35437.500, 61.850
59893, 1452, 22, 8167.500, 64, 36000.000, 62.831
59993, 1517, 23, 8533.125, 65, 36562.500, 63.813
60093, 1582, 24, 8898.750, 65, 36562.500, 63.813
60193, 1647, 25, 9264.375, 65, 36562.500, 63.813
60293, 1713, 26, 9635.625, 66, 37125.000, 64.795
60393, 1780, 27, 10012.500, 67, 37687.500, 65.777
60493, 1848, 28, 10395.000, 68, 38250.000, 66.758
60593, 1915, 29, 10771.875, 67, 37687.500, 65.777
60693, 1983, 30, 11154.375, 68, 38250.000, 66.758
60793, 2051, 32, 11536.875, 68, 38250.000, 66.758
60893, 2120, 33, 11925.000, 69, 38812.500, 67.740
60993, 2189, 34, 12313.125, 69, 38812.500, 67.740
61093, 2259, 35, 12706.875, 70, 39375.000, 68.722
61193, 2329, 36, 13100.625, 70, 39375.000, 68.722
61293, 2400, 37, 13500.000, 71, 39937.500, 69.704
61393, 2471, 38, 13899.375, 71, 39937.500, 69.704
61493, 2542, 39, 14298.750, 71, 39937.500, 69.704
61593, 2614, 40, 14703.750, 72, 40500.000, 70.685
61693, 2686, 41, 15108.750, 72, 40500.000, 70.685
61793, 2759, 43, 15519.375, 73, 41062.500, 71.667
61893, 2831, 44, 15924.375, 72, 40500.000, 70.685
61993, 2904, 45, 16335.000, 73, 41062.500, 71.667
62093, 2978, 46, 16751.250, 74, 41625.000, 72.649
62193, 3052, 47, 17167.500, 74, 41625.000, 72.649
62293, 3126, 48, 17583.750, 74, 41625.000, 72.649
62393, 3201, 50, 18005.625, 75, 42187.500, 73.631
62493, 3276, 51, 18427.500, 75, 42187.500, 73.631
62593, 3351, 52, 18849.375, 75, 42187.500, 73.631
62693, 3427, 53, 19276.875, 76, 42750.000, 74.612
62793, 3503, 54, 19704.375, 76, 42750.000, 74.612
62893, 3579, 55, 20131.875, 76, 42750.000, 74.612
62993, 3656, 57, 20565.000, 77, 43312.500, 75.594
63093, 3732, 58, 20992.500, 76, 42750.000, 74.612
63193, 3809, 59, 21425.625, 77, 43312.500, 75.594
63293, 3887, 60, 21864.375, 78, 43875.000, 76.576
63393, 3964, 61, 22297.500, 77, 43312.500, 75.594
63493, 4042, 63, 22736.250, 78, 43875.000, 76.576
63593, 4120, 64, 23175.000, 78, 43875.000, 76.576
63693, 4199, 65, 23619.375, 79, 44437.500, 77.558
63793, 4277, 66, 24058.125, 78, 43875.000, 76.576
63893, 4356, 68, 24502.500, 79, 44437.500, 77.558
63993, 4435, 69, 24946.875, 79, 44437.500, 77.558
64093, 4514, 70, 25391.250, 79, 44437.500, 77.558
64193, 4593, 71, 25835.625, 79, 44437.500, 77.558
64293, 4672, 73, 26280.000, 79, 44437.500, 77.558
64393, 4752, 74, 26730.000, 80, 45000.000, 78.539
64493, 4832, 75, 27180.000, 80, 45000.000, 78.539
64593, 4912, 76, 27630.000, 80, 45000.000, 78.539
64693, 4992, 78, 28080.000, 80, 45000.000, 78.539
64793, 5073, 79, 28535.625, 81, 45562.500, 79.521
64893, 5153, 80, 28985.625, 80, 45000.000, 78.539
64993, 5234, 81, 29441.250, 81, 45562.500, 79.521
65093, 5315, 83, 29896.875, 81, 45562.500, 79.521
65193, 5395, 84, 30346.875, 80, 45000.000, 78.539
65293, 5476, 85, 30802.500, 81, 45562.500, 79.521
65393, 5557, 86, 31258.125, 81, 45562.500, 79.521
65493, 5638, 88, 31713.750, 81, 45562.500, 79.521
65593, 5719, 89, 32169.375, 81, 45562.500, 79.521
65693, 5800, 90, 32625.000, 81, 45562.500, 79.521
65793, 5881, 91, 33080.625, 81, 45562.500, 79.521
65893, 5963, 93, 33541.875, 82, 46125.000, 80.503
65993, 6044, 94, 33997.500, 81, 45562.500, 79.521
66093, 6125, 95, 34453.125, 81, 45562.500, 79.521
66193, 6207, 96, 34914.375, 82, 46125.000, 80.503
66293, 6289, 98, 35375.625, 82, 46125.000, 80.503
66393, 6371, 99, 35836.875, 82, 46125.000, 80.503
66493, 6452, 100, 36292.500, 81, 45562.500, 79.521
66593, 6534, 102, 36753.750, 82, 46125.000, 80.503
66693, 6616, 103, 37215.000, 82, 46125.000, 80.503
66793, 6698, 104, 37676.250, 82, 46125.000, 80.503
66893, 6780, 105, 38137.500, 82, 46125.000, 80.503
66993, 6862, 107, 38598.750, 82, 46125.000, 80.503
67093, 6944, 108, 39060.000, 82, 46125.000, 80.503
67193, 7027, 109, 39526.875, 83, 46687.500, 81.485
67293, 7109, 111, 39988.125, 82, 46125.000, 80.503
67393, 7191, 112, 40449.375, 82, 46125.000, 80.503
67493, 7273, 113, 40910.625, 82, 46125.000, 80.503
67593, 7356, 114, 41377.500, 83, 46687.500, 81.485
67693, 7438, 116, 41838.750, 82, 46125.000, 80.503
67793, 7521, 117, 42305.625, 83, 46687.500, 81.485
67893, 7604, 118, 42772.500, 83, 46687.500, 81.485
67993, 7686, 120, 43233.750, 82, 46125.000, 80.503
68093, 7769, 121, 43700.625, 83, 46687.500, 81.485
68193, 7852, 122, 44167.500, 83, 46687.500, 81.485
68293, 7934, 123, 44628.750, 82, 46125.000, 80.503
68393, 8017, 125, 45095.625, 83, 46687.500, 81.485
68493, 8099, 126, 45556.875, 82, 46125.000, 80.503
68593, 8182, 127, 46023.750, 83, 46687.500, 81.485
68693, 8265, 129, 46490.625, 83, 46687.500, 81.485
68793, 8348, 130, 46957.500, 83, 46687.500, 81.485
68893, 8431, 131, 47424.375, 83, 46687.500, 81.485
68993, 8514, 133, 47891.250, 83, 46687.500, 81.485
69093, 8597, 134, 48358.125, 83, 46687.500, 81.485
69193, 8680, 135, 48825.000, 83, 46687.500, 81.485
69293, 8763, 136, 49291.875, 83, 46687.500, 81.485
69393, 8846, 138, 49758.750, 83, 46687.500, 81.485
69493, 8929, 139, 50225.625, 83, 46687.500, 81.485
69593, 9013, 140, 50698.125, 84, 47250.000, 82.466
69693, 9096, 142, 51165.000, 83, 46687.500, 81.485
69793, 9180, 143, 51637.500, 84, 47250.000, 82.466
69893, 9263, 144, 52104.375, 83, 46687.500, 81.485
69993, 9347, 146, 52576.875, 84, 47250.000, 82.466
70093, 9430, 147, 53043.750, 83, 46687.500, 81.485
70193, 9513, 148, 53510.625, 83, 46687.500, 81.485
70293, 9597, 149, 53983.125, 84, 47250.000, 82.466
70393, 9681, 151, 54455.625, 84, 47250.000, 82.466
70493, 9764, 152, 54922.500, 83, 46687.500, 81.485
70593, 9848, 153, 55395.000, 84, 47250.000, 82.466
70693, 9932, 155, 55867.500, 84, 47250.000, 82.466
70793, 10016, 156, 56340.000, 84, 47250.000, 82.466
70893, 10100, 157, 56812.500, 84, 47250.000, 82.466
70993, 10184, 159, 57285.000, 84, 47250.000, 82.466
71093, 10268, 160, 57757.500, 84, 47250.000, 82.466
71193, 10352, 161, 58230.000, 84, 47250.000, 82.466
71293, 10436, 163, 58702.500, 84, 47250.000, 82.466
71393, 10520, 164, 59175.000, 84, 47250.000, 82.466
71493, 10604, 165, 59647.500, 84, 47250.000, 82.466
71593, 10688, 167, 60120.000, 84, 47250.000, 82.466
71693, 10772, 168, 60592.500, 84, 47250.000, 82.466
71793, 10856, 169, 61065.000, 84, 47250.000, 82.466
71893, 10940, 170, 61537.500, 84, 47250.000, 82.466
71993, 11024, 172, 62010.000, 84, 47250.000, 82.466
72093, 11108, 173, 62482.500, 84, 47250.000, 82.466
72193, 11192, 174, 62955.000, 84, 47250.000, 82.466
72293, 11276, 176, 63427.500, 84, 47250.000, 82.466
72393, 11361, 177, 63905.625, 85, 47812.500, 83.448
72493, 11445, 178, 64378.125, 84, 47250.000, 82.466
72593, 11529, 180, 64850.625, 84, 47250.000, 82.466
72693, 11613, 181, 65323.125, 84, 47250.000, 82.466
72793, 11698, 182, 65801.250, 85, 47812.500, 83.448
72893, 11782, 184, 66273.750, 84, 47250.000, 82.466
72993, 11867, 185, 66751.875, 85, 47812.500, 83.448
73093, 11951, 186, 67224.375, 84, 47250.000, 82.466
73193, 12035, 188, 67696.875, 84, 47250.000, 82.466
73293, 12120, 189, 68175.000, 85, 47812.500, 83.448
73393, 12204, 190, 68647.500, 84, 47250.000, 82.466
73493, 12289, 192, 69125.625, 85, 47812.500, 83.448
73593, 12373, 193, 69598.125, 84, 47250.000, 82.466
73693, 12457, 194, 70070.625, 84, 47250.000, 82.466
73793, 12542, 195, 70548.750, 85, 47812.500, 83.448
73893, 12627, 197, 71026.875, 85, 47812.500, 83.448
73993, 12711, 198, 71499.375, 84, 47250.000, 82.466
74093, 12796, 199, 71977.500, 85, 47812.500, 83.448
74193, 12880, 201, 72450.000, 84, 47250.000, 82.466
74293, 12964, 202, 72922.500, 84, 47250.000, 82.466
74393, 13049, 203, 73400.625, 85, 47812.500, 83.448
74493, 13134, 205, 73878.750, 85, 47812.500, 83.448
74593, 13219, 206, 74356.875, 85, 47812.500, 83.448
74693, 13303, 207, 74829.375, 84, 47250.000, 82.466
74793, 13388, 209, 75307.500, 85, 47812.500, 83.448
74893, 13473, 210, 75785.625, 85, 47812.500, 83.448
74993, 13557, 211, 76258.125, 84, 47250.000, 82.466
75093, 13642, 213, 76736.250, 85, 47812.500, 83.448
75193, 13723, 214, 77191.875, 81, 45562.500, 79.521
75293, 13795, 215, 77596.875, 72, 40500.000, 70.685
75393, 13859, 216, 77956.875, 64, 36000.000, 62.831
75493, 13916, 217, 78277.500, 57, 32062.500, 55.959
75593, 13965, 218, 78553.125, 49, 27562.500, 48.105
75693, 14007, 218, 78789.375, 42, 23625.000, 41.233
75793, 14043, 219, 78991.875, 36, 20250.000, 35.342
75893, 14071, 219, 79149.375, 28, 15750.000, 27.488
75993, 14093, 220, 79273.125, 22, 12375.000, 21.598
76093, 14109, 220, 79363.125, 16, 9000.000, 15.707
76193, 14119, 220, 79419.375, 10, 5625.000, 9.817
76293, 14123, 220, 79441.875, 4, 2250.000, 3.926
76393, 14121, 220, 79430.625, -2, -1125.000, -1.963
76493, 14116, 220, 79402.500, -5, -2812.500, -4.908
76593, 14108, 220, 79357.500, -8, -4500.000, -7.853
76693, 14097, 220, 79295.625, -11, -6187.500, -10.799
76793, 14084, 220, 79222.500, -13, -7312.500, -12.762
76893, 14069, 219, 79138.125, -15, -8437.500, -14.726
76993, 14051, 219, 79036.875, -18, -10125.000, -17.671
77093, 14032, 219, 78930.000, -19, -10687.500, -18.653
77193, 14009, 218, 78800.625, -23, -12937.500, -22.580
77293, 13985, 218, 78665.625, -24, -13500.000, -23.561
77393, 13959, 218, 78519.375, -26, -14625.000, -25.525
77493, 13931, 217, 78361.875, -28, -15750.000, -27.488
77593, 13901, 217, 78193.125, -30, -16875.000, -29.452
77693, 13869, 216, 78013.125, -32, -18000.000, -31.415
77793, 13835, 216, 77821.875, -34, -19125.000, -33.379
77893, 13799, 215, 77619.375, -36, -20250.000, -35.342
77993, 13763, 215, 77416.875, -36, -20250.000, -35.342
78093, 13724, 214, 77197.500, -39, -21937.500, -38.288
78193, 13684, 213, 76972.500, -40, -22500.000, -39.269
78293, 13642, 213, 76736.250, -42, -23625.000, -41.233
78393, 13599, 212, 76494.375, -43, -24187.500, -42.215
78493, 13554, 211, 76241.250, -45, -25312.500, -44.178
78593, 13508, 211, 75982.500, -46, -25875.000, -45.160
78693, 13461, 210, 75718.125, -47, -26437.500, -46.142
78793, 13413, 209, 75448.125, -48, -27000.000, -47.123
78893, 13363, 208, 75166.875, -50, -28125.000, -49.087
78993, 13312, 208, 74880.000, -51, -28687.500, -50.069
79093, 13260, 207, 74587.500, -52, -29250.000, -51.050
79193, 13208, 206, 74295.000, -52, -29250.000, -51.050
79293, 13153, 205, 73985.625, -55, -30937.500, -53.996
79393, 13098, 204, 73676.250, -55, -30937.500, -53.996
79493, 13042, 203, 73361.250, -56, -31500.000, -54.977
79593, 12985, 202, 73040.625, -57, -32062.500, -55.959
79693, 12927, 201, 72714.375, -58, -32625.000, -56.941
79793, 12868, 201, 72382.500, -59, -33187.500, -57.923
79893, 12808, 200, 72045.000, -60, -33750.000, -58.904
79993, 12747, 199, 71701.875, -61, -34312.500, -59.886
80093, 12686, 198, 71358.750, -61, -34312.500, -59.886
80193, 12624, 197, 71010.000, -62, -34875.000, -60.868
80293, 12561, 196, 70655.625, -63, -35437.500, -61.850
80393, 12497, 195, 70295.625, -64, -36000.000, -62.831
80493, 12432, 194, 69930.000, -65, -36562.500, -63.813
80593, 12367, 193, 69564.375, -65, -36562.500, -63.813
80693, 12301, 192, 69193.125, -66, -37125.000, -64.795
80793, 12235, 191, 68821.875, -66, -37125.000, -64.795
80893, 12168, 190, 68445.000, -67, -37687.500, -65.777
80993, 12100, 189, 68062.500, -68, -38250.000, -66.758
81093, 12031, 187, 67674.375, -69, -38812.500, -67.740
81193, 11963, 186, 67291.875, -68, -38250.000, -66.758
81293, 11893, 185, 66898.125, -70, -39375.000, -68.722
81393, 11823, 184, 66504.375, -70, -39375.000, -68.722
81493, 11752, 183, 66105.000, -71, -39937.500, -69.704
81593, 11681, 182, 65705.625, -71, -39937.500, -69.704
81693, 11610, 181, 65306.250, -71, -39937.500, -69.704
81793, 11537, 180, 64895.625, -73, -41062.500, -71.667
81893, 11465, 179, 64490.625, -72, -40500.000, -70.685
81993, 11392, 178, 64080.000, -73, -41062.500, -71.667
82093, 11319, 176, 63669.375, -73, -41062.500, -71.667
82193, 11245, 175, 63253.125, -74, -41625.000, -72.649
82293, 11171, 174, 62836.875, -74, -41625.000, -72.649
82393, 11096, 173, 62415.000, -75, -42187.500, -73.631
82493, 11022, 172, 61998.750, -74, -41625.000, -72.649
82593, 10947, 171, 61576.875, -75, -42187.500, -73.631
82693, 10871, 169, 61149.375, -76, -42750.000, -74.612
82793, 10795, 168, 60721.875, -76, -42750.000, -74.612
82893, 10718, 167, 60288.750, -77, -43312.500, -75.594
82993, 10642, 166, 59861.250, -76, -42750.000, -74.612
83093, 10565, 165, 59428.125, -77, -43312.500, -75.594
83193, 10488, 163, 58995.000, -77, -43312.500, -75.594
83293, 10410, 162, 58556.250, -78, -43875.000, -76.576
83393, 10332, 161, 58117.500, -78, -43875.000, -76.576
83493, 10255, 160, 57684.375, -77, -43312.500, -75.594
83593, 10176, 159, 57240.000, -79, -44437.500, -77.558
83693, 10097, 157, 56795.625, -79, -44437.500, -77.558
83793, 10018, 156, 56351.250, -79, -44437.500, -77.558
83893, 9939, 155, 55906.875, -79, -44437.500, -77.558
83993, 9860, 154, 55462.500, -79, -44437.500, -77.558
84093, 9780, 152, 55012.500, -80, -45000.000, -78.539
84193, 9700, 151, 54562.500, -80, -45000.000, -78.539
84293, 9620, 150, 54112.500, -80, -45000.000, -78.539
84393, 9540, 149, 53662.500, -80, -45000.000, -78.539
84493, 9460, 147, 53212.500, -80, -45000.000, -78.539
84593, 9379, 146, 52756.875, -81, -45562.500, -79.521
84693, 9298, 145, 52301.250, -81, -45562.500, -79.521
84793, 9217, 144, 51845.625, -81, -45562.500, -79.521
84893, 9136, 142, 51390.000, -81, -45562.500, -79.521
84993, 9055, 141, 50934.375, -81, -45562.500, -79.521
85093, 8973, 140, 50473.125, -82, -46125.000, -80.503
85193, 8892, 138, 50017.500, -81, -45562.500, -79.521
85293, 8811, 137, 49561.875, -81, -45562.500, -79.521
85393, 8729, 136, 49100.625, -82, -46125.000, -80.503
85493, 8647, 135, 48639.375, -82, -46125.000, -80.503
85593, 8565, 133, 48178.125, -82, -46125.000, -80.503
85693, 8483, 132, 47716.875, -82, -46125.000, -80.503
85793, 8401, 131, 47255.625, -82, -46125.000, -80.503
85893, 8319, 129, 46794.375, -82, -46125.000, -80.503
85993, 8236, 128, 46327.500, -83, -46687.500, -81.485
86093, 8153, 127, 45860.625, -83, -46687.500, -81.485
86193, 8071, 126, 45399.375, -82, -46125.000, -80.503
86293, 7988, 124, 44932.500, -83, -46687.500, -81.485
86393, 7905, 123, 44465.625, -83, -46687.500, -81.485
86493, 7823, 122, 44004.375, -82, -46125.000, -80.503
86593, 7740, 120, 43537.500, -83, -46687.500, -81.485
86693, 7656, 119, 43065.000, -84, -47250.000, -82.466
86793, 7573, 118, 42598.125, -83, -46687.500, -81.485
86893, 7490, 117, 42131.250, -83, -46687.500, -81.485
86993, 7406, 115, 41658.750, -84, -47250.000, -82.466
87093, 7323, 114, 41191.875, -83, -46687.500, -81.485
87193, 7240, 113, 40725.000, -83, -46687.500, -81.485
87293, 7156, 111, 40252.500, -84, -47250.000, -82.466
87393, 7072, 110, 39780.000, -84, -47250.000, -82.466
87493, 6988, 109, 39307.500, -84, -47250.000, -82.466
87593, 6905, 107, 38840.625, -83, -46687.500, -81.485
87693, 6821, 106, 38368.125, -84, -47250.000, -82.466
87793, 6737, 105, 37895.625, -84, -47250.000, -82.466
87893, 6653, 103, 37423.125, -84, -47250.000, -82.466
87993, 6568, 102, 36945.000, -85, -47812.500, -83.448
88093, 6484, 101, 36472.500, -84, -47250.000, -82.466
88193, 6400, 100, 36000.000, -84, -47250.000, -82.466
88293, 6316, 98, 35527.500, -84, -47250.000, -82.466
88393, 6231, 97, 35049.375, -85, -47812.500, -83.448
88493, 6147, 96, 34576.875, -84, -47250.000, -82.466
88593, 6062, 94, 34098.750, -85, -47812.500, -83.448
88693, 5978, 93, 33626.250, -84, -47250.000, -82.466
88793, 5893, 92, 33148.125, -85, -47812.500, -83.448
88893, 5808, 90, 32670.000, -85, -47812.500, -83.448
88993, 5724, 89, 32197.500, -84, -47250.000, -82.466
89093, 5639, 88, 31719.375, -85, -47812.500, -83.448
89193, 5554, 86, 31241.250, -85, -47812.500, -83.448
89293, 5469, 85, 30763.125, -85, -47812.500, -83.448
89393, 5384, 84, 30285.000, -85, -47812.500, -83.448
89493, 5298, 82, 29801.250, -86, -48375.000, -84.430
89593, 5213, 81, 29323.125, -85, -47812.500, -83.448
89693, 5128, 80, 28845.000, -85, -47812.500, -83.448
89793, 5043, 78, 28366.875, -85, -47812.500, -83.448
89893, 4957, 77, 27883.125, -86, -48375.000, -84.430
89993, 4872, 76, 27405.000, -85, -47812.500, -83.448
90093, 4788, 74, 26932.500, -84, -47250.000, -82.466
90193, 4703, 73, 26454.375, -85, -47812.500, -83.448
90293, 4618, 72, 25976.250, -85, -47812.500, -83.448
90393, 4533, 70, 25498.125, -85, -47812.500, -83.448
90493, 4449, 69, 25025.625, -84, -47250.000, -82.466
90593, 4364, 68, 24547.500, -85, -47812.500, -83.448
90693, 4280, 66, 24075.000, -84, -47250.000, -82.466
90793, 4195, 65, 23596.875, -85, -47812.500, -83.448
90893, 4111, 64, 23124.375, -84, -47250.000, -82.466
90993, 4026, 62, 22646.250, -85, -47812.500, -83.448
91093, 3942, 61, 22173.750, -84, -47250.000, -82.466
91193, 3858, 60, 21701.250, -84, -47250.000, -82.466
91293, 3773, 58, 21223.125, -85, -47812.500, -83.448
91393, 3689, 57, 20750.625, -84, -47250.000, -82.466
91493, 3605, 56, 20278.125, -84, -47250.000, -82.466
91593, 3521, 55, 19805.625, -84, -47250.000, -82.466
91693, 3436, 53, 19327.500, -85, -47812.500, -83.448
91793, 3352, 52, 18855.000, -84, -47250.000, -82.466
91893, 3268, 51, 18382.500, -84, -47250.000, -82.466
91993, 3183, 49, 17904.375, -85, -47812.500, -83.448
92093, 3098, 48, 17426.250, -85, -47812.500, -83.448
92193, 3014, 47, 16953.750, -84, -47250.000, -82.466
92293, 2929, 45, 16475.625, -85, -47812.500, -83.448
92393, 2844, 44, 15997.500, -85, -47812.500, -83.448
92493, 2759, 43, 15519.375, -85, -47812.500, -83.448
92593, 2675, 41, 15046.875, -84, -47250.000, -82.466
92693, 2589, 40, 14563.125, -86, -48375.000, -84.430
92793, 2505, 39, 14090.625, -84, -47250.000, -82.466
92893, 2420, 37, 13612.500, -85, -47812.500, -83.448
92993, 2335, 36, 13134.375, -85, -47812.500, -83.448
93093, 2249, 35, 12650.625, -86, -48375.000, -84.430
93193, 2164, 33, 12172.500, -85, -47812.500, -83.448
93293, 2079, 32, 11694.375, -85, -47812.500, -83.448
93393, 1994, 31, 11216.250, -85, -47812.500, -83.448
93493, 1908, 29, 10732.500, -86, -48375.000, -84.430
93593, 1823, 28, 10254.375, -85, -47812.500, -83.448
93693, 1738, 27, 9776.250, -85, -47812.500, -83.448
93793, 1652, 25, 9292.500, -86, -48375.000, -84.430
93893, 1567, 24, 8814.375, -85, -47812.500, -83.448
93993, 1481, 23, 8330.625, -86, -48375.000, -84.430
94093, 1396, 21, 7852.500, -85, -47812.500, -83.448
94193, 1310, 20, 7368.750, -86, -48375.000, -84.430
94293, 1224, 19, 6885.000, -86, -48375.000, -84.430
94393, 1139, 17, 6406.875, -85, -47812.500, -83.448
94493, 1053, 16, 5923.125, -86, -48375.000, -84.430
94593, 967, 15, 5439.375, -86, -48375.000, -84.430
94693, 881, 13, 4955.625, -86, -48375.000, -84.430
94793, 795, 12, 4471.875, -86, -48375.000, -84.430
94893, 709, 11, 3988.125, -86, -48375.000, -84.430
94993, 623, 9, 3504.375, -86, -48375.000, -84.430
95093, 537, 8, 3020.625, -86, -48375.000, -84.430
95193, 453, 7, 2548.125, -84, -47250.000, -82.466
95293, 374, 5, 2103.750, -79, -44437.500, -77.558
95393, 299, 4, 1681.875, -75, -42187.500, -73.631
95493, 228, 3, 1282.500, -71, -39937.500, -69.704
95593, 162, 2, 911.250, -66, -37125.000, -64.795
95693, 99, 1, 556.875, -63, -35437.500, -61.850
95793, 40, 0, 225.000, -59, -33187.500, -57.923
95893, -15, 0, -84.375, -55, -30937.500, -53.996
95993, -67, -1, -376.875, -52, -29250.000, -51.050
96093, -115, -1, -646.875, -48, -27000.000, -47.123
96193, -161, -2, -905.625, -46, -25875.000, -45.160
96293, -203, -3, -1141.875, -42, -23625.000, -41.233
96393, -243, -3, -1366.875, -40, -22500.000, -39.269
96493, -279, -4, -1569.375, -36, -20250.000, -35.342
96593, -313, -4, -1760.625, -34, -19125.000, -33.379
96693, -344, -5, -1935.000, -31, -17437.500, -30.434
96793, -373, -5, -2098.125, -29, -16312.500, -28.470
96893, -400, -6, -2250.000, -27, -15187.500, -26.507
96993, -424, -6, -2385.000, -24, -13500.000, -23.561
97093, -446, -6, -2508.750, -22, -12375.000, -21.598
97193, -466, -7, -2621.250, -20, -11250.000, -19.634
97293, -484, -7, -2722.500, -18, -10125.000, -17.671
97393, -499, -7, -2806.875, -15, -8437.500, -14.726
97493, -513, -8, -2885.625, -14, -7875.000, -13.744
97593, -525, -8, -2953.125, -12, -6750.000, -11.780
97693, -536, -8, -3015.000, -11, -6187.500, -10.799
97793, -544, -8, -3060.000, -8, -4500.000, -7.853
97893, -551, -8, -3099.375, -7, -3937.500, -6.872
97993, -556, -8, -3127.500, -5, -2812.500, -4.908
98093, -560, -8, -3150.000, -4, -2250.000, -3.926
98193, -562, -8, -3161.250, -2, -1125.000, -1.963
98293, -562, -8, -3161.250, 0, 0.000, 0.000
98393, -562, -8, -3161.250, 0, 0.000, 0.000
98493, -562, -8, -3161.250, 0, 0.000, 0.000
98593, -562, -8, -3161.250, 0, 0.000, 0.000
98693, -562, -8, -3161.250, 0, 0.000, 0.000
98793, -562, -8, -3161.250, 0, 0.000, 0.000
98893, -562, -8, -3161.250, 0, 0.000, 0.000
98993, -562, -8, -3161.250, 0, 0.000, 0.000
99093, -562, -8, -3161.250, 0, 0.000, 0.000
99193, -562, -8, -3161.250, 0, 0.000, 0.000
99293, -562, -8, -3161.250, 0, 0.000, 0.000
99393, -562, -8, -3161.250, 0, 0.000, 0.000
99493, -562, -8, -3161.250, 0, 0.000, 0.000
99593, -562, -8, -3161.250, 0, 0.000, 0.000
99693, -562, -8, -3161.250, 0, 0.000, 0.000
99793, -562, -8, -3161.250, 0, 0.000, 0.000
99893, -562, -8, -3161.250, 0, 0.000, 0.000
99993, -562, -8, -3161.250, 0, 0.000, 0.000
All Tasks completed!